unidad;CLUES;idInsti
HOSPITAL GENERAL TORRE MÉDICA TEPEPAN;DFSSA002672;1
CLÍNICA ESPECIALIZADA CONDESA;DFSSA003302;1
CLINICA ESPECIALIZADA CONDESA IZTAPALAPA;DFSSA006274;1
UNIDAD DE SALUD INTEGRAL PARA PERSONAS TRANS. ;DFSSA005163;1
SECRETARÍA DE SALUD PÚBLICA DE LA CIUDAD DE MÉXICO (OFICINAS CENTRALES - ADMINISTRATIVO);;1
SERVICIOS DE SALUD PÚBLICA DE LA CIUDAD DE MÉXICO (OFICINAS CENTRALES - ADMINISTRATIVO);;1
AGENCIA DE PROTECCIÓN SANITARIA DE LA CIUDAD DE MÉXICO (OFICINAS CENTRALES - ADMINISTRATIVO);;1
INSTITUTO PARA LA ATENCIÓN Y PREVENCIÓN DE LAS ADICCIONES EN LA CIUDAD DE MÉXICO (OFICINAS CENTRALES - ADMINISTRATIVO);;1
SERVICIO NACIONAL DE SALUD PÚBLICA (OFICINAS CENTRALES - ADMINISTRATIVO);;1
HOSPITAL PEDIÁTRICO AZCAPOTZALCO;DFIMB000026;2
HOSPITAL MATERNO INFANTIL DR. NICOLÁS M. CEDILLO;DFIMB000031;2
C.S.T-I PROHOGAR;DFIMB000043;2
C.S.T-I SAN MIGUEL AMANTLA;DFIMB000055;2
C.S.T-I SAN PEDRO XALPA;DFIMB000060;2
C.S.T-I SANTA CATARINA;DFIMB000072;2
C.S.T-I SANTA INÉS;DFIMB000084;2
C.S.T-I TLATILCO;DFIMB000096;2
C.S.T-I REYNOSA;DFIMB000101;2
C.S.T-I SANTA BÁRBARA;DFIMB000113;2
C.S.T-I 23 DE ABRIL;DFIMB000125;2
C.S.T-II TEZOZOMOC;DFIMB000130;2
C.S.T-III DR. MANUEL MARTÍNEZ BAEZ;DFIMB000142;2
C.S.T-II EL ARENAL;DFIMB000154;2
C.S.T-III SANTIAGO AHUIZOTLA;DFIMB000166;2
C.S.T-III DR. GALO SOBERÓN Y PARRA;DFIMB000171;2
HOSPITAL PEDIÁTRICO COYOACÁN;DFIMB000183;2
C.S.T-I EJIDOS DE SANTA URSULA;DFIMB000195;2
C.S.T-I COPILCO EL ALTO;DFIMB000200;2
C.S.T-I SANTO DOMINGO PONIENTE;DFIMB000212;2
C.S.T-I LA CIÉNEGA;DFIMB000224;2
C.S.T-I SANTO DOMINGO ORIENTE;DFIMB000236;2
C.S.T-II AJUSCO;DFIMB000241;2
C.S.T-II SANTA ÚRSULA COAPA;DFIMB000253;2
C.S.T-II NAYARITAS;DFIMB000265;2
C.S.T-III DR. GUSTAVO A. ROVIROSA PÉREZ;DFIMB000270;2
C.S.T-III DRA. MARGARITA CHORNE Y SALAZAR;DFIMB000282;2
C.S.T-III SAN FRANCISCO CULHUACÁN;DFIMB000294;2
C.S.T-III CARMEN SERDÁN;DFIMB000306;2
C.S.T-I ROSA TORRES;DFIMB000311;2
C.S.T-I MEMETLA;DFIMB000323;2
C.S.T-I PALO ALTO;DFIMB000335;2
C.S.T-I CHIMALPA;DFIMB000340;2
C.S.T-II ACOPILCO;DFIMB000352;2
C.S.T-I SAN MATEO;DFIMB000364;2
C.S.T-I EL CHAMIZAL;DFIMB000376;2
C.S.T-I JARDINES DE LA PALMA;DFIMB000381;2
CENTRO DE SALUD T-III LA NAVIDAD            ;DFIMB000393;2
C.S.T-III CUAJIMALPA;DFIMB000405;2
HOSPITAL PEDIÁTRICO SAN JUAN DE ARAGÓN;DFIMB000410;2
HOSPITAL PEDIÁTRICO VILLA;DFIMB000422;2
HOSPITAL MATERNO INFANTIL CUAUTEPEC;DFIMB000434;2
HOSPITAL GENERAL DE TICOMÁN;DFIMB000446;2
HOSPITAL GENERAL VILLA;DFIMB000451;2
C.S.T-I SAN JUAN DE ARAGÓN 6TA. SECCIÓN;DFIMB000463;2
C.S.T-I ARBOLEDAS DE CUAUTEPEC;DFIMB000475;2
C.S.T-I CABO BUENA ESPERANZA;DFIMB000480;2
C.S.T-I GERTRUDIS SÁNCHEZ;DFIMB000492;2
C.S.T-I SAN JUAN DE ARAGÓN 1A. SECCIÓN;DFIMB000504;2
C.S.T-I LOMAS DE CUAUTEPEC;DFIMB000516;2
C.S.T-II NARCISO BASSOLS;DFIMB000521;2
C.S.T-I COCOYOTES;DFIMB000533;2
C.S.T-I FELIPE BERRIOZÁBAL;DFIMB000545;2
C.S.T-I MALACATES PONDEROSA;DFIMB000550;2
C.S.T-I NUEVA ATZACOALCO;DFIMB000562;2
C.S.T-I TLALPEXCO;DFIMB000574;2
C.S.T-I BARRÍO SAN JUAN TICOMÁN;DFIMB000586;2
C.S.T-I PROVIDENCIA;DFIMB000591;2
C.S.T-II LA MALINCHE;DFIMB000603;2
C.S.T-I CASTILLO GRANDE;DFIMB000615;2
C.S.T-I COMPOSITORES MEXICANOS;DFIMB000620;2
C.S.T-I DIANA LAURA RÍOJAS DE COLOSIO;DFIMB000632;2
C.S.T-II GERTRUDIS SÁNCHEZ;DFIMB000644;2
C.S.T-II PRADERA;DFIMB000656;2
C.S.T-II 25 DE JULIO;DFIMB000661;2
C.S.T-I LA PASTORA;DFIMB000673;2
C.S.T-II GABRIEL HERNÁNDEZ;DFIMB000685;2
C.S.T-III DR. GABRIEL GARZÓN COSSA;DFIMB000690;2
C.S.T-III DR. MANUEL CÁRDENAS DE LA VEGA;DFIMB000702;2
C.S.T-III DR. RAFAEL RAMÍREZ SUÁREZ;DFIMB000714;2
C.S.T-III NUEVA ATZACOALCO;DFIMB000726;2
C.S.T-III PALMATITLA;DFIMB000731;2
C.S.T-II LA ESMERALDA;DFIMB000743;2
C.S.T-II VALLE MADERO;DFIMB000755;2
HOSPITAL PEDIÁTRICO IZTACALCO;DFIMB000760;2
C.S.T-III DR. LUIS MAZZOTTI GALINDO;DFIMB000772;2
C.S.T-II RAMOS MILLÁN;DFIMB000784;2
C.S.T-III DR. MANUEL PESQUEIRA;DFIMB000796;2
C.S.T-III 2 DE OCTUBRE;DFIMB000801;2
C.S.T-III DR. JOSÉ ZOZAYA;DFIMB000813;2
CLÍNICA DE DISPLACIAS SANTA MARTHA;DFIMB000825;2
HOSPITAL PEDIÁTRICO IZTAPALAPA;DFIMB000830;2
HOSPITAL GENERAL IZTAPALAPA;DFIMB000842;2
C.S.T-I MARGARITA MAZA DE JUÁREZ;DFIMB000854;2
C.S.T-I SAN JOSÉ ACULCO;DFIMB000871;2
C.S.T-I APATLACO;DFIMB000883;2
C.S.T-I FRANCISCO VILLA;DFIMB000895;2
C.S.T-I SAN ANDRÉS XICOTENCATL;DFIMB000900;2
C.S.T-I CAMPESTRE POTRERO;DFIMB000912;2
C.S.T-I RENOVACIÓN;DFIMB000924;2
C.S.T-I SANTA CRUZ MEYEHUALCO;DFIMB000936;2
C.S.T-I LAS PEÑAS;DFIMB000941;2
C.S.T-I XALPA;DFIMB000953;2
C.S.T-II EJIDO LOS REYES;DFIMB000965;2
C.S.T-III DR. GUILLERMO ROMAN Y CARRILLO;DFIMB000970;2
C.S.T-III DR. RAFAEL CARRILLO;DFIMB000982;2
C.S.T-III DR. FRANCISCO J. BALMIS;DFIMB000994;2
C.S.T-III CHINAMPAC DE JUÁREZ;DFIMB001006;2
C.S.T-III QUETZALCOATL;DFIMB001011;2
C.S.T-III SAN ANDRÉS TOMATLÁN;DFIMB001023;2
C.S.T-II SAN MIGUEL TEOTONGO;DFIMB001035;2
C.S. T-III SANTA MARÍA AZTAHUACÁN;DFIMB001040;2
C.S. T-III SANTIAGO ACAHUALTEPEC;DFIMB001052;2
C.S.T-I CENTRAL DE ABASTOS.;DFIMB000866;2
HOSPITAL MATERNO INFANTIL MAGDALENA CONTRERAS;DFIMB001064;2
C.S.T-I TIERRA COLORADA;DFIMB001076;2
C.S.T-I HÉROES DE PADIERNA;DFIMB001081;2
C.S.T-I AMPLIACIÓN LOMAS DE SAN BERNABÉ;DFIMB001093;2
C.S.T-I EXHACIENDA DE ESLAVA;DFIMB001105;2
C.S.T-I 1RO. DE MAYO;DFIMB001110;2
C.S.T-I SAN NICOLÁS TOTOLAPAN;DFIMB001122;2
C.S.T-II SAN BARTOLO AMEYALCO;DFIMB001134;2
C.S.T-III DR. ÁNGEL DE LA GARZA BRITO;DFIMB001146;2
HOSPITAL GENERAL MILPA ALTA;DFIMB001151;2
C.S.T-I SAN JUAN TEPENAHUAC;DFIMB001163;2
C.S.T-I SAN JERÓNIMO MIACATLÁN;DFIMB001175;2
C.S.T-I SAN BARTOLOMÉ XICOMULCO;DFIMB001180;2
C.S.T-I SAN FRANCISCO TECOXPA;DFIMB001192;2
C.S.T-I SAN LORENZO TLACOYUCAN;DFIMB001204;2
C.S.T-III SAN PABLO OZTOTEPEC;DFIMB001216;2
C.S.T-II DR. LUIS A. EROSA LEÓN;DFIMB001221;2
C.S.T-II SANTA ANA TLACOTENCO;DFIMB001233;2
C.S.T-II SAN SALVADOR CUAUHTENCO;DFIMB001245;2
C.S.T-III DR GASTÓN MELO;DFIMB001250;2
C.S.T-I TETELPAN;DFIMB001262;2
C.S.T-II LA CASCADA;DFIMB001274;2
C.S.T-I HERÓN PROAL;DFIMB001286;2
C.S.T-I AVE REAL;DFIMB001291;2
C.S.T-I TARANGO;DFIMB001303;2
C.S.T-I PUENTE COLORADO;DFIMB001315;2
C.S.T-III DR. IGNACIO MORONES PRIETO;DFIMB001320;2
C.S.T-III AMPLIACIÓN PRESIDENTES;DFIMB001332;2
C.S.T-III DR. EDUARDO JENNER;DFIMB001344;2
C.S.T-III MINAS DE CRISTO;DFIMB001356;2
C.S.T-III DR. MANUEL ESCONTRIA;DFIMB001361;2
C.S.T-III DR. MANUEL B. MÁRQUEZ ESCOBEDO;DFIMB001373;2
HOSPITAL MATERNO INFANTIL TLÁHUAC;DFIMB001385;2
C.S.T-II 13 DE SEPTIEMBRE;DFIMB001390;2
C.S.T-I ZAPOTITLAN;DFIMB001402;2
CENTRO DE SALUD T-II XUAN ZENTENO CUEVAS SANTA CATARINA YECAHUIZOTL;DFIMB001414;2
C.S.T-II AMPLIACIÓN SELENE;DFIMB001426;2
CLÍNICA COMUNITARIA MIXQUIC;DFIMB001431;2
C.S.T-III SAN FRANCISCO TLALTENCO;DFIMB001443;2
C.S.T-II SAN JOSÉ;DFIMB001455;2
C.S.T-II SAN JUAN IXTAYOPAN;DFIMB001460;2
C.S.T-III MIGUEL HIDALGO;DFIMB001472;2
C.S.T-II ZAPOTITLA;DFIMB001484;2
C.S.T-II HORTENCIA;DFIMB001496;2
C.S.T-I MAGDALENA PETLACALCO;DFIMB001501;2
C.S.T-I PARRES;DFIMB001513;2
C.S.T-I DIF;DFIMB001525;2
C.S.T-I TIERRA Y LIBERTAD;DFIMB001530;2
C.S.T-I XITLE;DFIMB001542;2
C.S.T-I PEDREGAL DE SAN NICOLÁS NORTE;DFIMB001554;2
CENTRO DE SALUD T-I PEDREGAL DE SAN NICOLÁS SUR;DFIMB001566;2
C.S.T-I EJIDOS DE HUIPULCO;DFIMB001571;2
C.S.T-I BEKAL;DFIMB001583;2
C.S.T-I BOSQUES DEL PEDREGAL;DFIMB001595;2
CENTRO DE SALUD T-III LOMAS DE PADIERNA;DFIMB001600;2
C.S.T-II SAN ANDRÉS TOTOLTEPEC;DFIMB001612;2
C.S.T-III DR. DAVID FRAGOSO LIZALDE;DFIMB001624;2
C.S.T-III AMPLIACIÓN HIDALGO;DFIMB001636;2
C.S.T-III DR. GERARDO VARELA MARISCAL;DFIMB001641;2
CENTRO DE SALUD T-II TOPILEJO      ;DFIMB001653;2
C.S.T-III CULTURA MAYA;DFIMB001665;2
C.S.T-III DR. JOSÉ CASTRO VILLAGRANA;DFIMB001670;2
C.S.T-III PEDREGAL DE LAS ÁGUILAS;DFIMB001682;2
CLÍNICA HOSPITAL DE ESPECIALIDADES TOXICOLÓGICAS XOCHIMILCO;DFIMB001694;2
HOSPITAL MATERNO PEDIÁTRICO XOCHIMILCO;DFIMB001706;2
C.S.T-I SAN FRANCISCO TLANEPANTLA;DFIMB001711;2
C.S.T-I SANTA CECILIA TEPETLAPA;DFIMB001723;2
C.S.T-I SAN ANDRÉS AHUAYUCAN;DFIMB001735;2
C.S.T-I SANTA CRUZ XOCHITEPEC;DFIMB001740;2
CENTRO DE SALUD T-II SAN LUIS TLAXIALTEMALCO ;DFIMB001752;2
C.S.T-II SANTA CRUZ ACALPIXCA;DFIMB001764;2
C.S.T-III SAN GREGORÍO ATLAPULCO;DFIMB001776;2
C.S.T-II SANTA MARÍA NATIVITAS;DFIMB001781;2
C.S.T-III XOCHIMILCO;DFIMB001793;2
C.S.T-III TULYEHUALCO;DFIMB001805;2
C.S. T-II SAN MATEO XALPA;DFIMB001810;2
HOSPITAL GENERAL XOCO;DFIMB001822;2
C.S.T-I VALENTÍN GÓMEZ FARIAS;DFIMB001834;2
C.S.T-III MIXCOAC;DFIMB001846;2
C.S.T-III PORTALES;DFIMB001851;2
CLÍNICA DE ESPECIALIDADES NO. 4;DFIMB001863;2
CLÍNICA DE ESPECIALIDADES NO. 3;DFIMB001875;2
CLÍNICA DE ESPECIALIDADES NO. 6;DFIMB001880;2
CLÍNICA DE ESPECIALIDADES NO. 2;DFIMB001892;2
CLÍNICA DE ESPECIALIDADES NO. 5;DFIMB001904;2
CENTRO DERMATOLÓGICO DR. LADISLAO DE LA PASCUA;DFIMB001916;2
HOSPITAL PEDIÁTRICO PERALVILLO;DFIMB001921;2
HOSPITAL GENERAL DR. GREGORIO SALAS FLORES;DFIMB001933;2
C.S.T-III SOLEDAD OROZCO DE ÁVILA CAMACHO;DFIMB001945;2
C.S.T-III DR. ATANACIO GARZA RÍOS;DFIMB001950;2
ESPACIO INTERACTIVO EN SALUD PARA JOVENES IMPULSO;DFIMB001962;2
C.S.T-III DR. JOSÉ MA. RODRÍGUEZ;DFIMB001974;2
C.S.T-III DR. DOMINGO ORVAÑANOS;DFIMB001986;2
C.S.T-III DR. MANUEL DOMÍNGUEZ;DFIMB001991;2
HOSPITAL PEDIÁTRICO TACUBAYA;DFIMB002003;2
HOSPITAL PEDIÁTRICO LEGARIA;DFIMB002015;2
HOSPITAL GENERAL DR. RUBÉN LEÑERO;DFIMB002020;2
C.S.T-III MANUEL GONZÁLEZ RIVERA;DFIMB002032;2
C.S.T-II DR. MANUEL GUTIÉRREZ ZAVALA;DFIMB002044;2
C.S.T-III LAGO CARDIEL;DFIMB002056;2
C.S.T-III MÉXICO-ESPAÑA;DFIMB002061;2
C.S.T-III DR. ÁNGEL BRÍOSO VASCONCELOS;DFIMB002073;2
CLÍNICA HOSPITAL DE ESPECIALIDADES TOXICOLÓGICAS VENUSTIANO CARRANZA;DFIMB002085;2
HOSPITAL MATERNO INFANTIL INGUARÁN;DFIMB002090;2
HOSPITAL PEDIÁTRICO MOCTEZUMA;DFIMB002102;2
HOSPITAL GENERAL BALBUENA;DFIMB002114;2
C.S.T-I AMPLIACIÓN CARACOL;DFIMB002126;2
C.S.T-I CUATRO ARBOLES;DFIMB002131;2
C.S.T-I RENOVACIÓN;DFIMB002143;2
C.S.T-I REVOLUCIÓN;DFIMB002155;2
C.S.T-II IXNAHUALTONGO;DFIMB002160;2
CENTRO DE SALUD T-III ROMERO RUBIO;DFIMB002172;2
C.S.T-III ARENAL 4TA. SECCIÓN;DFIMB002184;2
C.S.T-II PEÑON DE LOS BAÑOS;DFIMB002196;2
C.S.T-II CUCHILLA PANTITLÁN;DFIMB002201;2
C.S.T-II JOSÉ MARÍA MORELOS Y PAVÓN;DFIMB002213;2
C.S.T-III DR. JUAN DUQUE DE ESTRADA;DFIMB002225;2
C.S.T-III DR. LUIS E. RUÍZ;DFIMB002230;2
C.S.T-III BEATRIZ VELASCO DE ALEMÁN.;DFIMB002242;2
CENTRO DE SALUD T-III BUENAVISTA;DFIMB002254;2
HOSPITAL DE ESPECIALIDADES DE LA CIUDAD DE MEXICO DR. BELISARIO DOMÍNGUEZ;DFIMB002266;2
CLÍNICA COMUNITARIA SANTA CATARINA;DFIMB002271;2
CLÍNICA DE GERIATRIA;DFIMB002283;2
CENTRO DE SALUD T-III DR. SALVADOR ALLENDE CON CLÍNICA DE ESPECIALIDADES;DFIMB002295;2
CLÍNICA ESPECIALIZADA EN EL MANEJO DE LA DIABETES EN LA CIUDAD DE MÉXICO (UNEME-EC);DFIMB002300;2
CENTRO DE SALUD T-III JALALPA EL GRANDE;DFIMB002312;2
HOSPITAL GENERAL TOPILEJO;DFIMB002341;2
HOSPITAL ONCOLÓGICO PARA LA MUJER DE LA CIUDAD DE MÉXICO;DFIMB002353;2
CLÍNICA INTEGRAL DE LA MUJER “HERMILA GALINDO”;DFIMB002370;2
CENTRO DE SALUD T-III VILLA MILPA ALTA;DFIMB002382;2
CENTRO DE SALUD T-I GABRIELA MISTRAL;DFIMB002394;2
CENTRO DE SALUD T-II QUIAHUATLA;DFIMB002406;2
CENTRO ESPECIALIZADO EN MEDICINA INTEGRATIVA ;DFIMB002411;2
CENTRO DE SALUD T-II DEL MAR;DFIMB002423;2
HOSPITAL GENERAL DE CUAJIMALPA  ;DFIMB002435;2
CENTRO DE SALUD T-II TENORIOS  ;DFIMB002440;2
CENTRO DE SALUD T III LOMAS DE LA ERA ;DFIMB002452;2
CENTRO DE SALUD T-II SANTA ROSA XOCHIAC;DFIMB002464;2
CENTRO DE SALUD T I CORPUS CHRISTY ;DFIMB002476;2
CENTRO DE SALUD T-I PEÑÓN VIEJO;DFIMB002481;2
C.S. T-I AMPLIACIÓN TEPEPAN;DFIMB002493;2
C.S.T-I HONORATO LEAL;DFIMB002505;2
C.S. T-II ERMITA ZARAGOZA;DFIMB002510;2
CENTRO DE SALUD TII EL PIRU;DFIMB002522;2
CENTRO DE SALUD T-I ZÓCALO;DFIMB002534;2
HOSPITAL GENERAL DR. ENRIQUE CABRERA;DFIMB002575;2
C.S.T-III OASIS;DFIMB002580;2
UNIDAD MÉDICA MÓVIL 1;DFIMB002592;2
UNIDAD MÉDICA MÓVIL 2;DFIMB002604;2
UNIDAD MÉDICA MÓVIL 3;DFIMB002616;2
UNIDAD MÉDICA MÓVIL 4 ;DFIMB002621;2
UNIDAD MÉDICA MÓVIL 5;DFIMB002633;2
UNIDAD MÉDICA MÓVIL 6;DFIMB002645;2
CLÍNICA HOSPITAL EMILIANO ZAPATA;DFIMB002650;2
HOSPITAL GENERAL TLÁHUAC;DFIMB002662;2
HOSPITAL GENERAL AJUSCO MEDIO;DFIMB002674;2
CARAVANA TOPILEJO;DFIMB002686;2
CARAVANA IZTAP - 4 DEGOLLADO;DFIMB002691;2
CARAVANA XALPA;DFIMB002703;2
CARAVANA ZAPOTITLA;DFIMB002715;2
CENTRO COMUNITARIO DE SALUD MENTAL Y ADICCIONES LOMAS DE LA ERA;DFIMB002720;2
CENTRO COMUNITARIO DE SALUD MENTAL Y ADICCIONES AMPLIACIÓN PRESIDENTES;DFIMB002732;2
CENTRO COMUNITARIO DE SALUD MENTAL Y ADICCIONES TEZOZOMOC;DFIMB002744;2
CENTRO COMUNITARIO DE SALUD MENTAL Y ADICCIONES SANTIAGO AHUIZOTLA;DFIMB002756;2
CENTRO COMUNITARIO DE SALUD MENTAL Y ADICCIONES PORTALES;DFIMB002761;2
CENTRO COMUNITARIO DE SALUD MENTAL Y ADICCIONES CARMEN SERDÁN;DFIMB002773;2
CENTRO COMUNITARIO DE SALUD MENTAL Y ADICCIONES GUSTAVO A. ROVIROSA PÉREZ;DFIMB002785;2
CENTRO COMUNITARIO DE SALUD MENTAL Y ADICCIONES SAN MATEO;DFIMB002790;2
CENTRO COMUNITARIO DE SALUD MENTAL Y ADICCIONES JOSÉ MARÍA RODRÍGUEZ;DFIMB002802;2
CENTRO COMUNITARIO DE SALUD MENTAL Y ADICCIONES CLÍNICA DE ESPECIALIDADES N°. 5;DFIMB002814;2
CENTRO COMUNITARIO DE SALUD MENTAL Y ADICCIONES VALLE MADERO;DFIMB002826;2
CENTRO COMUNITARIO DE SALUD MENTAL Y ADICCIONES LA MALINCHE;DFIMB002831;2
CENTRO COMUNITARIO DE SALUD MENTAL Y ADICCIONES FELIPE BERRIOZABAL;DFIMB002843;2
CENTRO COMUNITARIO DE SALUD MENTAL Y ADICCIONES TLALPEXCO;DFIMB002855;2
CENTRO COMUNITARIO DE SALUD MENTAL Y ADICCIONES PREDIO LA FORTALEZA;DFIMB002860;2
CENTRO COMUNITARIO DE SALUD MENTAL Y ADICCIONES CHINAMPAC DE JUÁREZ;DFIMB002872;2
CENTRO COMUNITARIO DE SALUD MENTAL Y ADICCIONES SANTIAGO ACAHUALTEPEC;DFIMB002884;2
CENTRO COMUNITARIO DE SALUD MENTAL Y ADICCIONES FRANCISCO J. BALMIS;DFIMB002896;2
CENTRO COMUNITARIO DE SALUD MENTAL Y ADICCIONES DR. GUILLERMO ROMÁN Y CARRILLO;DFIMB002901;2
CENTRO COMUNITARIO DE SALUD MENTAL Y ADICCIONES EJIDO LOS REYES;DFIMB002913;2
CENTRO COMUNITARIO DE SALUD MENTAL Y ADICCIONES OASIS;DFIMB002925;2
CENTRO COMUNITARIO DE SALUD MENTAL Y ADICCIONES AMPLIACIÓN LOMAS DE SAN BERNABÉ;DFIMB002930;2
CENTRO COMUNITARIO DE SALUD MENTAL Y ADICCIONES MÉXICO ESPAÑA;DFIMB002942;2
CENTRO COMUNITARIO DE SALUD MENTAL Y ADICCIONES DR. GASTÓN MELO;DFIMB002954;2
CENTRO COMUNITARIO DE SALUD MENTAL Y ADICCIONES 13 DE SEPTIEMBRE;DFIMB002966;2
CENTRO COMUNITARIO DE SALUD MENTAL Y ADICCIONES MIGUEL HIDALGO;DFIMB002971;2
CENTRO COMUNITARIO DE SALUD MENTAL Y ADICCIONES SAN ANDRÉS TOTOLTEPEC;DFIMB002983;2
CENTRO COMUNITARIO DE SALUD MENTAL Y ADICCIONES GERARDO VARELA MARISCAL;DFIMB002995;2
CENTRO COMUNITARIO DE SALUD MENTAL Y ADICCIONES ROMERO RUBIO;DFIMB003000;2
CENTRO COMUNITARIO DE SALUD MENTAL Y ADICCIONES EL ARENAL 4TA. SECCIÓN;DFIMB003012;2
CENTRO COMUNITARIO DE SALUD MENTAL Y ADICCIONES TULYEHUALCO;DFIMB003024;2
CENTRO COMUNITARIO DE SALUD MENTAL Y ADICCIONES SANTA MARÍA NATIVITAS;DFIMB003036;2
UNEME E.C. MÉXICO ESPAÑA;DFIMB003041;2
UNEME E.C. BEATRÍZ VELASCO;DFIMB003053;2
UNEME E.C. DAVID FRAGOSO;DFIMB003065;2
UNEME E.C. SAN GREGORIO ATLAPULCO;DFIMB003070;2
UNEME E.C. MIXQUIC;DFIMB003082;2
UNEME E.C. ROMÁN Y CARRILLO;DFIMB003094;2
UNEME E.C. MANUEL ESCONTRÍA;DFIMB003106;2
CENTRO DE SALUD T-II SANTIAGO TEPALCATLALPAN;DFIMB003111;2
C.S.T-I GARCIMARRERO;DFIMB003123;2
CLÍNICA DE ATENCIÓN INTEGRAL A LA MUJER;DFIMB003135;2
C.S. T-II LA CONCHITA;DFIMB003140;2
CLÍNICA GERIÁTRICA COYOACÁN;DFIMB003152;2
CENTRO DE SALUD T-II SAN MIGUEL XICALCO;DFIMB003164;2
CENTRO DE SALUD T-II SOLIDARIDAD TETELCO;DFIMB003176;2
CENTRO DE SALUD T-I CENTRAL DE ABASTO;DFIMB003181;2
CENTRO DE SALUD T-III DR. MAXIMILIANO RUIZ CASTAÑEDA;DFIMB003193;2
CENTRO DE SALUD T-I XOCO;DFIMB003205;2
IMSS BIENESTAR (OFICINAS CENTRALES - ADMINISTRATIVO);;2
BS CMN LA RAZA;DFIMS000015;3
HES CMN LA RAZA;DFIMS000020;3
UMF 13 AZCAPOTZALCO;DFIMS000032;3
HGO 3 CMN LA RAZA;DFIMS000044;3
HINF CMN LA RAZA;DFIMS000056;3
HG CMN LA RAZA.;DFIMS000061;3
C EXTERNA CMN LA RAZA;DFIMS000073;3
UMF 11 PERALVILLO;DFIMS000085;3
UMF 33 ROSARIO;DFIMS000090;3
UMF 36 C. ATZACOALCO;DFIMS000102;3
UMF 40 AZCAPOTZALCO;DFIMS000114;3
HGZ 32 VILLA COAPA;DFIMS000126;3
UMF 15 ERMITA IZTAPALAPA;DFIMS000131;3
UMF 19 COYOACÁN;DFIMS000143;3
UMF 46 SORIANO;DFIMS000155;3
UMFR VILLA COAPA;DFIMS000160;3
UMF-UMAA 42 CUAJIMALPA;DFIMS000172;3
HGP 3A MAGDALENA SALINAS;DFIMS000184;3
HORTO MAGDALENA DE LAS SALINAS;DFIMS000196;3
HPSIQ MORELOS;DFIMS000201;3
HTO MAGDALENA DE LAS SALINAS.;DFIMS000213;3
HGZ 24 INSURGENTES;DFIMS000225;3
HGZMF 29 S. JUAN ARAGÓN;DFIMS000230;3
UMF 20 VALLEJO;DFIMS000242;3
UMF 23 UNIDAD MORELOS;DFIMS000254;3
UMF 3 LA JOYA;DFIMS000266;3
UMF 41 FORTUNA;DFIMS000271;3
UMF 44 LA ESCALERA;DFIMS000283;3
UMF 94 SAN JUAN ARAGÓN;DFIMS000295;3
UMFR MAGDALENA DE LAS SALINAS;DFIMS000300;3
HGZ 2A PASOTRONCOSO;DFIMS000312;3
HGZ 30 IZTACALCO;DFIMS000324;3
UMF 34 C. PANTITLÁN;DFIMS000336;3
UMF 35 C. 7 ZARAGOZA;DFIMS000341;3
UMF 45 IZTACALCO;DFIMS000353;3
HGZ 47 VICENTE GUERRERO;DFIMS000365;3
UMF 120 ZARAGOZA;DFIMS000382;3
UMF 160 EL VERGEL;DFIMS000394;3
UMF 31 IZTAPALAPA;DFIMS000406;3
UMF 43 ROJO GÓMEZ;DFIMS000411;3
UMF 140 LA TEJA;DFIMS000423;3
UMF 18 CONTRERAS;DFIMS000435;3
UMF 22 INDEPENDECIA;DFIMS000440;3
HGO 4 CMN SIGLO XXI SAN ANGEL;DFIMS000452;3
HGZMF 8 SAN ÁNGEL;DFIMS000464;3
UMF 12 SANTA FE;DFIMS000476;3
HPSIQ SAN FERNANDO;DFIMS000481;3
UMF 7 CALZ. TLALPAN;DFIMS000493;3
HGZ 1A VENADOS;DFIMS000522;3
HGZ 1 CARLOS MC GREGOR;DFIMS000534;3
UMF 28 DEL VALLE;DFIMS000546;3
UMF 9 SAN PEDRO PINOS;DFIMS000551;3
BS CMN SIGLO XXI;DFIMS000563;3
HC CMN SIGLO XXI;DFIMS000575;3
HES CMN SIGLO XXI;DFIMS000580;3
HONCO CMN SIGLO XXI;DFIMS000604;3
HP CMN SIGLO XXI;DFIMS000616;3
HGZ 27 TLATELOLCO;DFIMS000621;3
UMF 1 COL. ROMA;DFIMS000645;3
UMF 16 COL. GUERRERO;DFIMS000650;3
UMF 2 STA. MARÍA;DFIMS000662;3
UMF 37 CFE. ALAMEDA;DFIMS000674;3
UMF 38 CFE. PARQUE ESPAÑA;DFIMS000686;3
UMF 39 CFE. XOLA;DFIMS000691;3
UMF 4 DOCTORES;DFIMS000703;3
UMF 6 MERCED;DFIMS000720;3
UMFR CONJUNTO COLONIA;DFIMS000732;3
UMF 17 LEGARIA;DFIMS000744;3
UMF 5 C. ANAHUAC;DFIMS000756;3
UMF 14 AEROPUERTO;DFIMS000761;3
UMF 21 FCO. DEL PASO;DFIMS000773;3
UMF 49 EL ARBOLILLO;DFIMS000785;3
HPSIQ MF 10 POSTAL;DFIMS000790;3
UMF-UMAA 161 AV. TOLUCA;DFIMS000802;3
HGR 2 VILLA COAPA;DFIMS000814;3
UMF-UMAA 162 TLÁHUAC;DFIMS000826;3
HGZ 48 SAN PEDRO XALPA;DFIMS000831;3
UMF 163 VILLA COAPA;DFIMS000995;3
UMF 164;DFIMS001024;3
CENTRO DE ATENCIÓN TEMPORAL COVID LINDAVISTA;DFIMS001070;3
UMF 26 CONDESA;DFIMS001094;3
UMF 15 LINDAVISTA;DFIMS001106;3
HGZ 20 TLÁHUAC;DFIMS001140;3
IMSS (OFICINAS CENTRALES - ADMINISTRATIVO);;3
CMF CUITLÁHUAC;DFIST000015;4
CMF AZCAPOTZALCO;DFIST000020;4
CE CHURUBUSCO;DFIST000032;4
"CMF ""DR. IGNACIO CHÁVEZ""";DFIST000044;4
CMF DIVISIÓN DEL NORTE;DFIST000056;4
CMF COYOACÁN;DFIST000061;4
CMF GUSTAVO A. MADERO;DFIST000073;4
CMF ARAGÓN;DFIST000085;4
"HR/HAE ""PRIMERO DE OCTUBRE""";DFIST000090;4
CE CENTRO DE CIRUGIA AMBULATORIA 1º DE OCTUBRE;DFIST000102;4
CMF ORIENTE;DFIST000114;4
CMF IZTAPALAPA I;DFIST000126;4
CMF IZTAPALAPA II;DFIST000131;4
CMF ERMITA ZARAGOZA;DFIST000143;4
"HG ""GRAL. JOSÉ MARIA MORELOS Y PAVÓN""";DFIST000155;4
"HR/HAE ""GRAL. IGNACIO ZARAGOZA""";DFIST000160;4
CMF MILPA ALTA;DFIST000172;4
CMF VILLA ÁLVARO OBREGÓN;DFIST000184;4
"HG ""DR. FERNANDO QUIROZ GUTIÉRREZ""";DFIST000196;4
"HR/HAE ""LIC. ADOLFO LÓPEZ MATEOS""";DFIST000201;4
CE CLIDDA;DFIST000213;4
CMCT # 17 ISSSTE (SAN FERNANDO 547);DFIST000225;4
CMF TLALPAN;DFIST000230;4
CMF FUENTES BROTANTES;DFIST000242;4
CMF XOCHIMILCO;DFIST000254;4
CMF NARVARTE;DFIST000271;4
CMF DEL VALLE;DFIST000283;4
CMF ERMITA;DFIST000295;4
CMF REVOLUCIÓN;DFIST000300;4
"CMN ""20 DE NOVIEMBRE""";DFIST000312;4
"HG ""DR. DARÍO FERNÁNDEZ FIERRO""";DFIST000324;4
CMCT NO. 51 ISSSTE PLAZA DE LA REPÚBLICA;DFIST000336;4
CE INDIANILLA;DFIST000341;4
CE DR. HONORATO VILLA ACOSTA;DFIST000353;4
CE NEUROPSIQUIATRÍA;DFIST000365;4
CMF GUADALUPE;DFIST000370;4
CMF CINCO DE FEBRERO;DFIST000382;4
CMF JUÁREZ;DFIST000394;4
CMF SAN ANTONIO ABAD;DFIST000406;4
CMF DR. JAVIER DOMÍNGUEZ ESTRADA, CHAPULTEPEC;DFIST000411;4
CMF PERALVILLO;DFIST000423;4
CMF GUERRERO;DFIST000435;4
CMF SANTA MARÍA;DFIST000440;4
CMF PERÚ;DFIST000452;4
"HG ""DR. GONZÁLO CASTAÑEDA""";DFIST000464;4
CE CENTRO DE APOYO AL DIAGNÓSTICO SAN RAFAEL;DFIST000481;4
"CE ""DR. ALBERTO PISANTY OVADIA""";DFIST000493;4
CMF MARINA NACIONAL;DFIST000505;4
CMF LEGARIA;DFIST000510;4
CMF OBSERVATORIO;DFIST000522;4
HG TACUBA;DFIST000534;4
CMF BALBUENA;DFIST000546;4
CMF MORELOS;DFIST000551;4
CMF MOCTEZUMA;DFIST000563;4
CMCT # 65 S.H.C.P.;DFIST000580;4
CAF U.H.F. INTEGRACION LATINOAMERICANA;DFIST000592;4
CAF CUAJIMALPA;DFIST000616;4
CMCT C.I.E.A. DEL I.P.N.;DFIST000621;4
CMCT # 15 S.A.G.A.R.P.A.;DFIST000633;4
CMCT NO. 61 SAGARPA;DFIST000645;4
"CE ""LEONARDO Y NICOLÁS BRAVO""";DFIST000650;4
CMCT S.F.P. ( ANTES SECODAM);DFIST000662;4
CE MEDICINA FÍSICA Y REHABILITACIÓN;DFIST000686;4
CAF CENTRO URBANO PDTE. MIGUEL ALEMÁN;DFIST000715;4
CMCT S.H.C.P. INSURGENTES SUR 795;DFIST000720;4
CMCT # 27 D.I.F.;DFIST000756;4
CMCT NO. 14 ISSSTE;DFIST000761;4
CMCT NO. 9 JUNTA DE CONCILIACIÓN Y ARBITRAJE;DFIST000785;4
CMCT NO. 19 SEGOB;DFIST000790;4
CMCT NO. 22 C.O.F.A.A. DEL I.P.N.;DFIST000802;4
CMCT NO. 62 S.H.C.P.;DFIST000831;4
CMCT NO. 55 P.F.C.;DFIST000843;4
CMCT NO. 20 S.R.E.;DFIST000855;4
CMCT S.H.C.P. COMPLEJO HIDALGO NO. 1;DFIST000860;4
CMCT FOMENTO DEPORTIVO ISSSTE;DFIST000872;4
CMCT SINDICATO NACIONAL DE LA S.H.C.P.;DFIST000884;4
CMCT S.H.C.P. COMPLEJO HIDALGO NO. 2;DFIST000896;4
CMCT S.H.C.P. (ANTES CABALLITO);DFIST000901;4
CMCT NO. 28 SAGARPA;DFIST000913;4
CMCT NO. 30 SINDICATO SAGARPA;DFIST000925;4
CMCT F.S.T.S.E.;DFIST000930;4
CMCT SINDICATO DE SEMARNAT;DFIST000942;4
CMCT NO. 23 S.E.P.;DFIST000954;4
CMCT PALACIO NACIONAL;DFIST000971;4
CMCT NO. 50 SAGARPA;DFIST000983;4
CMCT SECRETARÍA DE RELACIONES EXTERIORES;DFIST000995;4
CMCT PRESIDENCIA I;DFIST001041;4
HG DRA. MATILDE PETRA MONTOYA LAFRAGUA;DFIST001053;4
ISSSTE (OFICINAS CENTRALES - ADMINISTRATIVO);;4
HOSPITAL CENTRAL NORTE PEMEX;DFPMX000012;5
HOSPITAL CENTRAL SUR DE ALTA ESPECIALIDAD;DFPMX000024;5
CONSULTORIO PERIFERICO VALLEJO;DFPMX000036;5
UNIDAD MEDICA DEL CENTRO ADMINISTRATIVO;DFPMX000041;5
PEMEX  (OFICINAS CENTRALES - ADMINISTRATIVO);;5
HOSPITAL MILITAR DE ZONA DE EL VERGEL IZTAPALAPA;DFSDN000016;6
UNIDAD MÉDICA DE CONSULTA EXTERNA, SANTA FE, CD. MÉX.;DFSDN000021;6
UNIDAD MEDICA DE CONSULTA EXTERNA DE TLALPAN, CD. MÉX.;DFSDN000033;6
UNIDAD MEDICA DE CONSULTA EXTERNA DE POPOTLA, CD. MÉX.;DFSDN000045;6
HOSPITAL MILITAR DE ESPECIALIDADES DE LA MUJER Y NEONATOLOGIA;DFSDN000062;6
HOSPITAL MILITAR DE ZONA DEL CAMPO MILITAR. NO. 1-A, D. F.;DFSDN000074;6
HOSPITAL CENTRAL MILITAR;DFSDN000086;6
UNIDAD MEDICA DE CONSULTA EXTERNA DE LA S.D.N;DFSDN000091;6
UNIDAD MEDICA DE CONSULTA EXTERNA LOS LEONES TACUBA;DFSDN000132;6
26/O BATALLON DE INFANTERIA;DFSDN000144;6
HOSPITAL MILITAR DE ESPECIALDADES OFTALMOLOGICAS;DFSDN000173;6
SEDENA  (OFICINAS CENTRALES - ADMINISTRATIVO);;6
CLÍNICA NAVAL DEL SUR;DFSMA000022;7
CLÍICA NAVAL DE CUEMANCO;DFSMA000034;7
CENTRO MEDICO NAVAL;DFSMA000046;7
SEMAR (OFICINAS CENTRALES - ADMINISTRATIVO);;7
HOSPITAL JUÁREZ DE MÉXICO;DFSSA003944;8
INSTITUTO NACIONAL DE REHABILITACIÓN LUIS GUILLERMO IBARRA IBARRA;DFSSA003956;8
HOSPITAL GENERAL DR. MANUEL GEA GONZÁLEZ;DFSSA003961;8
HOSPITAL GENERAL DE MÉXICO “DR. EDUARDO LICEAGA”;DFSSA003973;8
HOSPITAL JUÁREZ DEL CENTRO;DFSSA003985;8
HOSPITAL NACIONAL HOMEOPÁTICO;DFSSA003990;8
HOSPITAL DE LA MUJER;DFSSA004002;8
INSTITUTO NACIONAL DE PEDIATRÍA;DFSSA004014;8
INSTITUTO NACIONAL DE ENFERMEDADES RESPIRATORIAS ISMAEL COSÍO VILLEGAS;DFSSA004026;8
INSTITUTO NACIONAL DE CANCEROLOGÍA;DFSSA004043;8
INSTITUTO NACIONAL DE CIENCIAS MÉDICAS Y NUTRICIÓN SALVADOR ZUBIRÁN;DFSSA004055;8
INSTITUTO NACIONAL DE NEUROLOGÍA Y NEUROCIRUGÍA MANUEL VELASCO SUÁREZ;DFSSA004060;8
INSTITUTO NACIONAL DE PSIQUIATRÍA RAMÓN DE LA FUENTE MUÑÍZ;DFSSA004072;8
HOSPITAL INFANTIL DE MÉXICO FEDERICO GÓMEZ;DFSSA004084;8
INSTITUTO NACIONAL DE PERINATOLOGÍA ISIDRO ESPINOSA DE LOS REYES;DFSSA004096;8
CENTRO COMUNITARIO DE SALUD MENTAL Y ADICCIONES ZACATENCO;DFSSA004101;8
CENTRO COMUNITARIO DE SALUD MENTAL Y ADICCIONES IZTAPALAPA;DFSSA004113;8
CENTRO COMUNITARIO DE SALUD MENTAL Y ADICCIONES SUR;DFSSA004125;8
HOSPITAL PSIQUIÁTRICO DR. SAMUEL RAMÍREZ MORENO;DFSSA004130;8
HOSPITAL PSIQUIÁTRICO DR. JUAN N. NAVARRO;DFSSA004142;8
HOSPITAL PSIQUIÁTRICO FRAY BERNARDINO ÁLVAREZ;DFSSA004154;8
CENTRO COMUNITARIO DE SALUD MENTAL Y ADICCIONES CUAUHTÉMOC;DFSSA004166;8
INSTITUTO NACIONAL DE GERIATRÍA;DFSSA004644;8
EMT-1- DEL CENTRO OPERATIVO PARA LA ATENCION DE CONTINGENCIAS ;DFSSA004982;8
EMT-2- DEL CENTRO OPERATIVO PARA LA ATENCIÓN DE CONTINGENCIAS ;DFSSA004994;8
CLÍNICA DE SALUD REPRODUCTIVA;DFSSA018096;8
UNEME CAPASITS CONDESA;DFSSA018866;8
SECRETARÍA DE SALUD FEDERAL (OFICINAS CENTRALES - ADMINISTRATIVO);;8
CENTRO DE TRAUMA DE CRUZ ROJA MEXICANA EN EL DISTRITO FEDERAL;DFCRO000011;9
CRUZ ROJA MEXICANA (OFICINAS CENTRALES - ADMINISTRATIVO);;9
AREA OPERATIVA NORTE;DFDIF000343;10
CENTRO NACIONAL MODELO DE ATENCION, INVESTIGACIÓN Y CAPACITACIÓN PARA LA REHABILITACIÓN E INTEGRACIÓN DE PERSONAS CIEGAS Y DEBILES VISUALES;DFDIF000775;10
DIF (OFICINAS CENTRALES - ADMINISTRATIVO);;10
THE AMERICAN BRITISH COWDRAY MEDICAL CENTER, I.A.P. (HOSPITAL ABC);DFSMP000015;11
THE AMERICAN BRITISH COWDRAY MEDICAL CENTER, I.A.P. (CENTRO MÉDICO ABC SANTA FE);DFSMP000020;11
SOCIEDAD DE BENEFICENCIA ESPAÑOLA I.A.P. (HOSPITAL ESPAÑOL);DFSMP000032;11
HOSPITAL DE ESPECIALIDADES MIG, S.A. DE C.V.;DFSMP000044;11
MEDICA SUR, S.A.B. DE C.V. (SOCIEDAD ANÓNIMA BURSÁTIL DE CAPITAL VARIABLE);DFSMP000056;11
STAR MEDICA INFANTIL PRIVADO;DFSMP000061;11
SANATORIO TRINIDAD S.A. DE C.V.;DFSMP000073;11
IMAGEN Y DIAGNOSTICO MÉDICO ESPECIALIZADO S.A. DE C.V.;DFSMP000085;11
INTER HOSP. S.A. DE C.V.;DFSMP000090;11
CLÍNICA SAN RAFAEL / SANATORIOS DE MÉXICO S.A. DE C.V.;DFSMP000102;11
SANTA TERESA INSTITUCIÓN GINECO OBSTÉTRICA S.A. DE C.V.;DFSMP000114;11
LABORATORIO Y BANCO DE SANGRE TRINIDAD S.A. DE C.V.;DFSMP000126;11
CENTRO DE ATENCIÓN MÉDICA INTEGRAL SA DE CV;DFSMP000143;11
SANATORIO MATERNIDAD GARCÍA FIGUEROA;DFSMP000155;11
SERVICIOS MÉDICOS;DFSMP000160;11
CLÍNICA PEDIÁTRICA Y OBSTÉTRICA SAN FRANCISCO S.C.;DFSMP000172;11
SANATORIO DE ORIENTE;DFSMP000184;11
MEDICA CUALI SC;DFSMP000196;11
HOSPITAL SANTISIMA TRINIDAD;DFSMP000201;11
HOSPITAL ANGELES PEDREGAL;DFSMP000213;11
CLÍNICA MEDICA PRIVADA;DFSMP000225;11
HOSPITAL SANTA COLETA S.A. DE C.V.;DFSMP000230;11
HOSPITAL SAN PATRICIO ESPECIALIDADES QUIRÚRGICAS;DFSMP000254;11
CLÍNICA MÉDICA SAN CRISTOBAL SA DE CV;DFSMP000266;11
SANATORIOS UNIDOS S.A. HOSPITAL TEHUANTEPEC;DFSMP000271;11
SANATORIO SAN MIGUEL;DFSMP000283;11
SANATORIO DE JESÚS NUMERO SIETE A. C.;DFSMP000295;11
SANATORIO CALTONGO;DFSMP000312;11
SANATORIO MÉDICO SANTA MARÍA TEPEPAN;DFSMP000324;11
MEDICINA Y CIRUGÍA GABEL S.C.;DFSMP000336;11
SANATORIO MOISES LIRA;DFSMP000341;11
CLÍNICA DE ESPECIALIDADES AJUSCO;DFSMP000353;11
CLÍNICA DIVINA PROVIDENCIA;DFSMP000365;11
CLÍNICA DEL CARMEN;DFSMP000370;11
SERVICIOS MÉDICOS PROFECIONALES SAN JUDAS TADEO;DFSMP000382;11
CLÍNICA SANTA MARÍA;DFSMP000406;11
HOSPITAL SANTIAGO APOSTOL;DFSMP000411;11
SANATORIO SANTA TERESA ZACATECAS S.A. DE C.V.;DFSMP000423;11
CLÍNICA LUZ;DFSMP000435;11
CENTRO DE SERVICIOS MÉDICOS MEXFAM;DFSMP000440;11
CLÍNICA DE ESPECIALIDADES DR. CORONA;DFSMP000452;11
COMITÉ DE SALUBRIDAD DE MIXCOAC  Y HOSPITAL SAN AGUSTIN;DFSMP000476;11
SANATORIO SANTIAGO;DFSMP000481;11
CLÍNICA DR. NAVARRO;DFSMP000493;11
CLÍNICA MEDICA QUIRURGICA ARAGON;DFSMP000505;11
SANATORIO SAN LORENZO;DFSMP000510;11
CLÍNICA GUADALUPE TEPEYAC S.A. DE C.V.;DFSMP000522;11
CLÍNICA DE ALTA ESPECIALIDAD MÉDICA FÁTIMA, S.A DE C.V.;DFSMP000534;11
HOSPITAL HIGINIO G. PEREZ;DFSMP000546;11
SANATORIO DR. JESÚS OROZCO COSSIO S.A. DE C.V.;DFSMP000551;11
CLÍNICA MEDICA DR. ORTEGA S.A. DE C.V.;DFSMP000563;11
CLÍNICA MÉDICA MARDAN SA DE CV;DFSMP000575;11
SANATORIO SAN MARTIN DE PORRES;DFSMP000580;11
SANATORIIO DE JESÚS;DFSMP000592;11
SANATORIO SAN JUDAS TADEO;DFSMP000604;11
UNIDAD MÉDICA LOZADA;DFSMP000616;11
HOSPITAL MARÍA JOSÉ;DFSMP000621;11
SANATORIO MATERNIDAD DELFINA RUIZ DE AGUIRRE;DFSMP000633;11
OPERADORAS HOSPITALES ANGELES S.A. DE C.V. SUCURSAL HOSPITAL METROPOLITANO;DFSMP000645;11
URGENCIAS MÉDICO QUIRURGICAS;DFSMP000650;11
HOSPITAL SAN ANGEL INN CHAPULTEPEC;DFSMP000662;11
CLÍNICA DE SERVICIOS MÉDICOS ESPECIALIZADOS S.A. DE C.V.;DFSMP000686;11
SANATORIO ROUGIER A.C.;DFSMP000691;11
CLÍNICA DR. AGUILAR;DFSMP000703;11
MARÍA CRISTINA URIBE;DFSMP000715;11
SANATORIO SAN FELIPE;DFSMP000720;11
CLÍNICA SAN JOSÉ;DFSMP000732;11
SANATORIO DR. AVILA;DFSMP000744;11
CENTRO MÉDICO DE ORIENTE;DFSMP000756;11
SANATORIO CORAZÓN DE JESÚS;DFSMP000761;11
SANATORIO Y MATERNIDAD ELIHER S.A. DE C.V.;DFSMP000773;11
CLÍNICA MEDICA LONDRES;DFSMP000785;11
HOSPITAL JESÚS MÉDICO;DFSMP000790;11
CLÍNICA DE ESPECIALIDADES MÉDICAS;DFSMP000802;11
HOSPITAL MEDICA INTEGRAL S.A. DE C.V.;DFSMP000814;11
CLASE MEDICA S.A. DE C.V.;DFSMP000826;11
SANATORIO MARÍA DE LOURDES;DFSMP000831;11
OPERADORA DE HOSPITALES ANGELES S.A. DE C.V. SUCURSAL MEXICO;DFSMP000843;11
SANATORIO SAN FRANCISCO A.C.;DFSMP000860;11
CLÍNICA GRECIA S.A. DE C.V.;DFSMP000872;11
SANATORIO SANTA BARBARA;DFSMP000884;11
CLÍNICA MEDICA VIOLETA;DFSMP000896;11
SANATORIO CEDILLO;DFSMP000901;11
CLÍNICA CHIAPAS S.A. DE C.V.;DFSMP000913;11
URGENCIA MÉDICO QUIRÚRGICAS RIVADENEYRA SA;DFSMP000925;11
CENTRO DE NACIMIENTO NUEVA VIDA;DFSMP000930;11
HOSPITAL GENERAL CENTRO DE NACIMIENTO NUEVA VIDA S.A. DE C.V.;DFSMP000942;11
CLÍNICA MÉDICA;DFSMP000954;11
CLÍNICA CTM VIRCHOW S.C.;DFSMP000966;11
SANATORIO MONTEVIDEO;DFSMP000971;11
CLÍNICA DEL DR. ARMANDO DIAZ RAMOS;DFSMP000983;11
HOSPITAL DE URGENCIAS EN PEDIATRIA Y MATERNIDAD DE JESÚS;DFSMP000995;11
SERVICIO MÉDICO SOCIAL (HOSPITAL ANGELES CLÍNICA LONDRES);DFSMP001000;11
MEDICA SPACE S.A. DE C.V.;DFSMP001012;11
MEDICA CENTENARIO;DFSMP001024;11
SANATORIO SAN HIPOLITO S.A. DE C.V.;DFSMP001036;11
CLÍNICA DE ASISTENCIA MEDICA INTEGRAL S.A. DE C.V. (ASIMEDI);DFSMP001041;11
CLÍNICA MEDICA;DFSMP001065;11
SANCHEZ REYES CLÍNICA LUIS PASTEUR S.A. DE C.V;DFSMP001082;11
TORRE MEDICA SALAVERRY S.A. DE C.V.;DFSMP001094;11
FUNDACION MARÍA ANA MIER DE ESCANDON IAP;DFSMP001106;11
NUEVO SANATORIO DURANGO, S.A. DE C.V.;DFSMP001123;11
CLÍNICA EL SAMARITANO;DFSMP001181;11
CLÍNICA DEL DR. RIOS;DFSMP001193;11
CLÍNICA DE NUESTRA SEÑORA DE GUADALUPE;DFSMP001205;11
CENTRAL DE ESPECIALIDADES MÉDICAS DEL SUR SA DE CV;DFSMP001210;11
CLÍNICA DR. ROQUE;DFSMP001222;11
S.T. CLÍNICA SANTA CRUZ;DFSMP001234;11
SANATORIO LISIEUX;DFSMP001246;11
OPERADORA DE HOSPITALES ÁNGELES, S.A. DE C.V.;DFSMP001251;11
CLÍNICA SANTA ANITA;DFSMP001263;11
CLÍNICA MEDICA LIDAV;DFSMP001275;11
CONSULTORIO MÉDICO;DFSMP001280;11
CLÍNICA MATERNIDAD VASCO DE QUIROGA;DFSMP001292;11
JOSÉ MEDINA JIMENEZ;DFSMP001304;11
CLÍNICA NUESTRA SEÑORA DE LA ASUNCIÓN;DFSMP001316;11
SAN SALVADOR;DFSMP001321;11
UNIDAD MÉDICA SAN SEBASTIAN;DFSMP001345;11
SERVICIOS MÉDICOS LA ESPERANZA SA DE CV;DFSMP001350;11
CLÍNICA DR. BARRIOS;DFSMP001362;11
CLÍNICA MEDICA ISABEL;DFSMP001374;11
CENTRO HOSPITALARIO SAN CHARBEL;DFSMP001386;11
HOSPITAL MERLOS S.A. DE C.V.;DFSMP001391;11
SANATARIO DR. VÍCTOR GARCÍA JOFFRE;DFSMP001403;11
CLÍNICA LOMAS ALTAS S.A. DE C.V.;DFSMP001420;11
SANATORIO PALACIO AZTECA;DFSMP001432;11
SANATORIO DR. JORGE VÁZQUEZ CABELLO;DFSMP001444;11
SANATORIO DE NUESTRA SEÑORA DEL SAGRADO CORAZÓN DE JESÚS;DFSMP001456;11
CLÍNICA MEDICA UNION 2000;DFSMP001461;11
SANATORIO DE JESÚS;DFSMP001473;11
CLÍNICA SAN ANTONIO;DFSMP001485;11
MÉDICA DEL VALLE SA DE CV;DFSMP001490;11
CLÍNICA MÉDICA CHÁVEZ;DFSMP001502;11
VILLEGAS MEMORIAL HOSPITAL;DFSMP001514;11
CLÍNICA MÉDICA DE ORIENTE;DFSMP001526;11
HOSPITAL SAN JUDAS TADEO;DFSMP001531;11
CLÍNICA DE LA MUJER HEMI  ;DFSMP001543;11
SANATORIO LOS REYES SA DE CV;DFSMP001555;11
SANATORIO SANTA MARÍA;DFSMP001560;11
CLÍNICA DE ESTETICA Y SALUD;DFSMP001572;11
CLÍNICA REFORMA;DFSMP001584;11
CLÍNICA CLAVERIA;DFSMP001601;11
POLICLÍNICA LUCANO SA DE CV;DFSMP001613;11
CLÍNICA NUESTRA SEÑORA DE LA LUZ;DFSMP001630;11
CLÍNICA MÉDICA CRISTO REY;DFSMP001642;11
CLÍNICA JOYA;DFSMP001654;11
CLÍNICA QUIRÚRGICA SINDI;DFSMP001666;11
HOSPITALES H S.A. DE C.V.;DFSMP001671;11
SANATORIO GUADALUPE;DFSMP001683;11
HOSPITAL VERTIZ S.A. DE C.V.;DFSMP001695;11
SANATORIO DEL CARMEN;DFSMP001700;11
SANATORIO Y MATERNIDAD LOS ÁNGELES IZTAPALAPA SA DE CV;DFSMP001712;11
CONSULTORIO MÉDICO DRA NEREIDA ROJAS MARTÍNEZ;DFSMP001724;11
SANATORIO DR. DAVID OSORIO VILLANUEVA;DFSMP001736;11
ROCESA SA;DFSMP001741;11
SANATORIO SAN FRANCISCO;DFSMP001753;11
CLÍNICA PARANA;DFSMP001765;11
ESCUELA LIBRE DE HOMEOPATIA;DFSMP001770;11
HOSPITAL OBREGON;DFSMP001782;11
SANATONIO SAN LAZARO;DFSMP001794;11
CLÍNICA QUIRÚRGICA;DFSMP001806;11
OPERADORA DE HOSPITALES ANGELES SUCURSAL LINDAVISTA;DFSMP001811;11
ASOCIACION EL HOSPITALITO A.C.;DFSMP001823;11
SANATORIO PAJEOS;DFSMP001835;11
OPERADORA SAN ÁNGEL INN SA DE CV;DFSMP001840;11
CLÍNICA MÉDICA DEL CARMEN;DFSMP001852;11
GRUPO ESPECIALIZADO MÉDICO Y ASOCIADOS CHAPULTEPEC S.C.;DFSMP001864;11
SANATORIO Y MATERNIDAD CLARISTELLA;DFSMP001876;11
SANATORIO SAN AGUSTÍN SA DE CV;DFSMP001893;11
CONSULTORIO MÉDICO SAGRADO CORAZÓN DE JESÚS;DFSMP001905;11
ST SANAT. DR CASTILLO SA;DFSMP001922;11
MATERNIDAD DANELIA;DFSMP001946;11
CONSULTORIO MÉDICO NUESTRA SEÑORA DE GUADALUPE;DFSMP001951;11
HOSPITAL JOSÉ MAGNOLIA SA DE CV;DFSMP001963;11
SERVICIO MÉDICO QUIRÚRGICO;DFSMP001975;11
CONSULTORIOS MÉDICOS EL ROSARIO;DFSMP001980;11
CENTRO CLÍNICA ESCUADRON 201;DFSMP001992;11
CENTRAL DE DIAGNÓSTICO CLÍNICO;DFSMP002021;11
CLÍNICA PRIMAVERA DR MOISES ORTEGA;DFSMP002033;11
CLÍNICA GUADALUPE;DFSMP002045;11
SANATORIO NUESTRA SEÑORA DE ZAPOPAN;DFSMP002050;11
SANATORIO SAN ALEJANDRO;DFSMP002062;11
CONSULTORIO MÉDICO DRA. MARÍA DE LA LUZ CHAVARRIA CORONA;DFSMP002074;11
ST SANAT. DR FERNANDO LEÓN CERVANTES;DFSMP002086;11
CLÍNICA CHULAVISTA SERVICIOS DE SALUD;DFSMP002091;11
CLINICA DE ESPECIALIDADES MEDICAS DEL SUR S.C.;DFSMP002103;11
CONSULTORIO MÉDICO INTEGRAL UNAM;DFSMP002115;11
MEDICA TORRE;DFSMP002120;11
CONSULTORIO MÉDICO CITLALI;DFSMP002144;11
CONSULTORIO MÉDICO QUIRÚRGICO;DFSMP002161;11
CLÍNICA MÉDICO QUIRÚRGICA;DFSMP002173;11
CLÍNICA DE INTEGRAION MEDICA ESPECIALIZADA (CIME);DFSMP002202;11
SANATORIO SAN JOSÉ SA DE CV;DFSMP002231;11
SANATORIO SAGRADO CORAZÓN;DFSMP002243;11
CONSULTORIO DE GINECOBSTETRICIA DRA. LIZBETH GARCÍA LÓPEZ;DFSMP002255;11
CLÍNICA MÉDICA CHOPERENA;DFSMP002260;11
SANTORIO LUZ DEL CARMEN;DFSMP002272;11
CLÍNICA SOROAL;DFSMP002284;11
SANTORIO Y MATERNIDAD SANTA ROSA;DFSMP002296;11
CLÍNICA MÉDICA SALGADO;DFSMP002313;11
CENTRO MÉDICO PROVIDENCIA SC;DFSMP002325;11
MARÍA ELENA PONCE MUÑOZ;DFSMP002330;11
SANATORIO Y MATERNIDAD NUESTRA SEÑORA DE FATIMA;DFSMP002342;11
HOSPITAL DEL PERPETUO SOCORRO ASOCIACIÓN HISPANO MEXICANA SIMIGEN;DFSMP002354;11
CLÍNICA DE ESPECIALIDADES SANTA ROSA;DFSMP002366;11
SANATORIO SANTA INES S.C.;DFSMP002371;11
CLÍNICA SAN ANTONIO DE PADUA;DFSMP002383;11
TORRE CLINIMEDIC ESPECIALISTAS MÉDICOS S.C.;DFSMP002395;11
SANATORIO SANTA ROSA;DFSMP002400;11
ESPECIALIDADES MÉDICO QUIRÚRGICAS;DFSMP002412;11
HOSPITAL DE LA BASILICA  S.A.;DFSMP002424;11
CLÍNICA MÉDICA LA PRADERA;DFSMP002436;11
CLÍNICA MATERNIDAD JARA;DFSMP002441;11
CLÍNICA MATERNIDAD PROGRESO;DFSMP002453;11
SANATORIO SANTA ALICIA;DFSMP002465;11
SANATORIO Y MATERNIDAD SANTA INES;DFSMP002470;11
HOSPITAL SANTA MARÍA TICÓMAN;DFSMP002482;11
SANATORIO CEDILLO /DR. PEDRO APOLINAR CEDILLO LÓPEZ;DFSMP002494;11
CLÍNICA SAGRADO CORAZÓN;DFSMP002506;11
CLÍNICA DE ESPECIALIDADES MÉDICAS Y QUIRÚRGICAS / DR. JOSÉ A. JESÚS CARREÓN FRAGOSO;DFSMP002511;11
CLÍNICA DE ESPECIALIDADES MÉDICAS DR. MARTÍN CÁRDENAS TÉLLEZ;DFSMP002523;11
PROMEDICA S.A DE C.V;DFSMP002535;11
SANATORIO SAN ANTONIO;DFSMP002540;11
SANTORIO LA ESPERANZA;DFSMP002552;11
UNIDAD MÉDICA INTEGRAL DR. MAGIN PULIDO;DFSMP002564;11
CONSULTORIO SAN ANGEL;DFSMP002576;11
 SANTA CATALINA DE SENA S.A. DE C.V.;DFSMP002581;11
CIRUGÍA DEL VALLE S.A DE C.V.;DFSMP002593;11
CLÍNICA MÉDICA DR. RAFAEL CLARK;DFSMP002605;11
CLÍNICA MATERNIDAD SAN JUDAS TADEO;DFSMP002610;11
CENTRO DE PSICOPROFILAXIS OBSTETRICA;DFSMP002622;11
CENTRO MÉDICO SANTA FE;DFSMP002663;11
CLÍNICA HOSPITAL XALTOCAN SA DE CV;DFSMP002675;11
SANATORIO SAN AGUSTÍN;DFSMP002680;11
SANATORIO SANTA AURORA;DFSMP002721;11
CLINICA SANTA MARIA;DFSMP002733;11
CONSULTORIO MÉDICO.;DFSMP002745;11
UNIDAD MÉDICA QUIRÚRGICA;DFSMP002750;11
URGENCIAS MÉDICAS 24 HORAS;DFSMP002762;11
CLÍNICA MÉDICA SAN FELIPE;DFSMP002786;11
CLÍNICA DE URGENCIAS MEDICO QUIRÚRGICAS  DE ORIENTE  ;DFSMP002791;11
CLÍNICA LEMDI;DFSMP002815;11
UNIDAD MÉDICA SINAI;DFSMP002820;11
CLÍNICA MÉDICA CRISTO REY.;DFSMP002856;11
HOSPITAL ERMITA;DFSMP002861;11
PLAZA MÉDICA 24 HORAS;DFSMP002885;11
CLÍNICA Y MATERNIDAD DEL CARMEN;DFSMP002890;11
CENTRO MÉDICO CEDROS S.A. DE C.V.;DFSMP002902;11
CLÍNICA NUESTRA SEÑORA DE LA SOLEDAD;DFSMP002914;11
CLÍNICA MATERNA NUESTRA SEÑORA DE LA MERDED;DFSMP002926;11
SANATORIO LOURDES;DFSMP002931;11
CONSULTORIO MÉDICO DRA PATRICIA SONIA LÓPEZ GARCES;DFSMP002943;11
CENTRAL MÉDICA PAOLA SC;DFSMP002955;11
CENTRO MÉDICO MATERNO NFANTIL PAGOLA;DFSMP002960;11
HOSPITAL CENTRAL DE ORIENTE;DFSMP002984;11
CENTRAL MÉDICA DE LA SALUD;DFSMP002996;11
S.T. CLÍNICA MILENIUM;DFSMP003001;11
CLÍNICA MÉDICA EL ROSARIO S.A DE C.V  ;DFSMP003013;11
CLÍNICA CASA DE ÁNGELES;DFSMP003025;11
CLÍNICA LOS ARCOS;DFSMP003030;11
HOSPITAL MATERNO INFANTIL FUNDACIÓN DOLORES SANZ LAVIE;DFSMP003071;11
HOSPITAL AZURA CENTRO;DFSMP003083;11
HOSPIMÉDICA CAROLINA (HMC);DFSMP003095;11
SANATORIO NUESTRA SEÑORA DE GUADALUPE;DFSMP003100;11
CLÍNICA MEDICA SANTA ROSA S.A. DE C.V.;DFSMP003112;11
SANATORIO NUESTRA SEÑORA DEL CARMEN;DFSMP003124;11
CLÍNICA CONSTITUCIÓN;DFSMP003141;11
SANATORIO VISA;DFSMP003153;11
CLÍNICA DE ESPECIALIDADES PEÑÓN DEL MÁRQUEZ;DFSMP003165;11
SANATORIO Y MATERNIDAD SANTA MARÍA;DFSMP003182;11
HOSPITAL STARMEDICA CENTRO;DFSMP003194;11
SANATORIO UNION;DFSMP003206;11
OPERADORA DE HOSPITALES ÁNGELES S.A. DE C.V./ SUCURSAL ROMA;DFSMP003223;11
CENTRO MÉDICO QUIRÚRGICO DOCTOR FRANCISCO MONTES DE OCA;DFSMP003235;11
UNIDAD MÉDICA LUZ;DFSMP003240;11
HOSPITAMEX S. DE R.L. DE C.V.;DFSMP003252;11
CLÍNICA LA VIGA;DFSMP003264;11
UNIDAD MÉDICA RAXOLI;DFSMP003276;11
CONSULTORIO MÉDICO DR JULIAN PEDRO COCA LÓPEZ;DFSMP003293;11
CLÍNICA SAGRADO CORAZÓN;DFSMP003310;11
HOSPITAL CHURUBUSCO SA DE CV;DFSMP003346;11
CLÍNICA DR. MODESTO CHÁVEZ MANZANARES ;DFSMP003363;11
ESPECIALIDADES MÉDICAS SANTA MARÍA.;DFSMP003380;11
CLÍNICA MÉDICA SAN LUIS;DFSMP003404;11
CLÍNICA SAN NICOLÁS TOTOLAPAN;DFSMP003421;11
CENTRO QUIRÚRGICO RÍO CONSULADO SA DE CV;DFSMP003445;11
UNIDAD MÉDICA SANTA ANITA;DFSMP003450;11
MÉDICA COAPA ESPECIALIDADES;DFSMP003462;11
CENTRO MÉDICO PEDREGAL COAPA;DFSMP003486;11
SERVICIO MÉDICO DR. FERNANDO DÍAZ HERNÁNDEZ;DFSMP003491;11
SANATORIO DEL CARIBE S.C.;DFSMP003503;11
SANATORIO DE LOS ÁNGELES ;DFSMP003515;11
SANATORIO ZARAGOZA S.A.;DFSMP003520;11
HOSPITAL SAN SEBASTIAN;DFSMP003532;11
CLÍNICA METROPOLITANA;DFSMP003544;11
UNIDAD MÉDICA SAN JUAN BAUTISTA;DFSMP003556;11
SANATORIO SANTA ISABEL;DFSMP003561;11
CONSULTORIO DRA. MARTHA TAPIA MERINO;DFSMP003573;11
CLÍNICA JESÚS NIÑO DOCTOR;DFSMP003585;11
CONSULTORIO DR. JORGE GÓMEZ ALVARADO;DFSMP003590;11
CONSULTORIO MÉDICO QUIRÚRGICO;DFSMP003602;11
(ARROG) GRUPO MÉDICO, S.A. DE C.V.;DFSMP003614;11
MÉDICA JESÚS REDENTOR;DFSMP003626;11
HOSPITAL DE ESPECIALIDADES SAN JUDAS TADEO S.A. DE C.V.;DFSMP003631;11
HOSPITAL ROSA DEL TEPEYAC;DFSMP003643;11
VOLUNTARIAS VICENTINAS DE LA SANTA CRUZ DEL PEDREGAL I.A.P.;DFSMP003655;11
CENTRO HOSPITALARIO DE ESPECIALIDADES MÉDICAS DE ORIENTE;DFSMP003660;11
DIAGNÓSTICO Y TRATAMIENTO MÉDICO;DFSMP003672;11
CONSULTORIO MÉDICO DR. REY JUAN CRUZ;DFSMP003684;11
CLÍNICA MATERNIDAD UNIDAD MÉDICO QUIRÚRGICA;DFSMP003696;11
SANATORIO SAN JUDAS TADEO;DFSMP003701;11
CONSULTORIO DR. ALFONSO VELÁZQUEZ REYES;DFSMP003713;11
SERVICIO MÉDICO SAN VICENTE;DFSMP003725;11
CONSULTORIO MÉDICO DRA. MARÍA DE LOS ANGELES MARTÍNEZ GÓMEZ;DFSMP003730;11
CLÍNICA MÉDICA OZTOTEPEC;DFSMP003742;11
CLÍNICA Y MATERNIDAD SAN PEDRO;DFSMP003754;11
UNIDAD DE GINECOBSTETRICIA;DFSMP003766;11
CENTRO MÉDICO DE ESPECIALIDADES GARTELL;DFSMP003783;11
S.T. CLÍNICA MADRE TERESA DUEÑAS A.C.;DFSMP003800;11
ALEXANDER CLÍNICA HOSPITAL;DFSMP003812;11
SANATORIO SAN JORGE;DFSMP003824;11
CONSULTORIO EL DIVINO NIÑO JESÚS;DFSMP003836;11
SERVICIOS OBTETRICOS E INFANTILES SA;DFSMP003841;11
CLÍNICA DR. RAMÍREZ VÁZQUEZ;DFSMP003853;11
CLÍNICA DE JESÚS;DFSMP003894;11
CLÍNICA DR. PAULINO MARTÍNEZ PALACIOS;DFSMP003906;11
UNIDAD DE DIAGNÓSTICO CLÍNICO;DFSMP003911;11
UNIDAD MÉDICA ESPECIALIZADA NUESTRA SEÑORA DE LOURDES;DFSMP003923;11
GRUPO MÉDICO QUIRÚRGICO DRS. GARCÍA MORALES S.C.;DFSMP003935;11
ETERNA;DFSMP003940;11
CLÍNICA GENESIS XXI;DFSMP003952;11
MÉDICA NATIVIDAD;DFSMP003964;11
CENTRAL MÉDICA BELEN;DFSMP003976;11
CLÍNICA MÉDICA CEDIT;DFSMP003981;11
SANATORIO DE MARÍA AUXILIADORA S.A. DE C.V.;DFSMP003993;11
SERVICIO MÉDICO QUIRÚRGICO;DFSMP004005;11
CONSULTORIO MÉDICO ESPECIALIZADO AHUANUSCO;DFSMP004010;11
CENTRO QUIRÚRGICO Y MEDICINA INTEGRAL TLÁHUAC;DFSMP004022;11
CLÍNICA MÉDICA SAN JUDAS TADEO;DFSMP004046;11
SERVICIO MÉDICO SANTO DOMINGO;DFSMP004063;11
SANATORIO SAN FELIPE DE JESÚS;DFSMP004075;11
CLÍNICA DEL VALLE      ;DFSMP004092;11
MÉDICA MILPA ALTA, S.A. DE C.V.;DFSMP004104;11
CLÍNICA DR. ARTURO GONZÁLEZ CANALES;DFSMP004116;11
CLÍNICA DEL CRISTO DEL PEDREGAL;DFSMP004121;11
CONSULTORIO MÉDICO SAN MARCOS;DFSMP004133;11
CONSULTORIO MÉDICO DR. ROBERTO MORENO OROZCO;DFSMP004145;11
CLÍNICA VILLA COAPA LA VEREDA S.C.;DFSMP004150;11
CONSULTORIO MÉDICO DR. J. ENRIQUE HERNÁNDEZ CHANONA;DFSMP004162;11
CONSULTORIO MÉDICO FAMILIAR DR. ALBERTO ZUMAYA GALICIA;DFSMP004174;11
CLÍNICA MÉDICA SANTA LUCÍA;DFSMP004186;11
CLÍNICA LORETO;DFSMP004191;11
CONSULTORIO MÉDICO;DFSMP004203;11
SANATORIO DE MATERNIDAD JALALPA S.C.;DFSMP004215;11
OPERADORA MEDICA INTEGRAL, SC - HOSPITAL OMICEDROS;DFSMP004232;11
CLÍNICA MÉDICA COLINAS;DFSMP004261;11
SANATORIO NORMA;DFSMP004273;11
SERVICIOS MÉDICOS SOCIALES DEL HOSPITAL DE JESÚS;DFSMP004285;11
CLÍNICA MARÍA DE LOS ANGELES;DFSMP004290;11
CLÍNICA NUESTRA SEÑORA DE GUADALUPE;DFSMP004302;11
OPERADORA HMG, S.A. DE C.V.;DFSMP004314;11
MAGA CONSULTORIOS MÉDICOS A.C.;DFSMP004326;11
CONSULTORIO MÉDICO INTEGRAL;DFSMP004343;11
SANATORIO NIÑO  JESÚS;DFSMP004360;11
CLÍNICA MÉDICA EN GENERAL;DFSMP004372;11
POLICLÍNICA DEL PEDREGAL AJUSCO COYOACÁN;DFSMP004384;11
CONSULTORIO DR. REYES;DFSMP004401;11
CLÍNICA DE NUESTRA SEÑORA DEL CARMEN S.C.;DFSMP004413;11
HOSPITAL DE LA DIVINA PROVIDENCIA FELIPE Y SANTIAGO A.C.;DFSMP004425;11
MÉDICA AZCAPOTZALCO;DFSMP004430;11
SANATORIO SAN FELIPE S.A DE C.V.;DFSMP004442;11
HOSPITAL DE LA PURÍSIMA CONCEPCIÓN Y JESÚS DE NAZARENO (HOSPITAL DE JESÚS I.A.P.);DFSMP004466;11
CLÍNICA DR. GARCÍA SANTOS;DFSMP004471;11
SANATORIO MATERNIDAD GLORIETA DE SAN JUAN;DFSMP004483;11
CLÍNICA MÉDICA SAN ANTONIO;DFSMP004495;11
UNIDAD MÉDICA 2000;DFSMP004512;11
SANATORIO MATERNIDAD MARÍA SARA       ;DFSMP004524;11
CLÍNICA IZTACALCO;DFSMP004536;11
CORPORATIVO MEDICO;DFSMP004541;11
SANATORIO SAN LORENZO;DFSMP004553;11
HOSPITAL MAC PERIFÉRICO SUR;DFSMP004565;11
CENTRO DE CUIDADOS MÉDICOS;DFSMP004570;11
DRA. AURORA SERVÍN ARREOLA;DFSMP004582;11
GRUPO MÉDICO SANTISIMA TRINIDAD II S.A. DE C.V.;DFSMP004606;11
S.T. MATERNIDAD GUISSET;DFSMP004611;11
CLÍNICA CANAL DEL NORTE;DFSMP004635;11
CLINICA MEDICA EDYBE S.C.;DFSMP004640;11
SALUD INTEGRA MOCTEZUMA S.C.;DFSMP004652;11
URGENCIAS MÉDICO QUIRÚRGICAS SANATORIO MATERNIDAD SA DE CV;DFSMP004693;11
UNIDAD DE MÉDICINA INTEGRAL SA DE CV;DFSMP004705;11
CLÍNICA MEDICA GUADALUPE;DFSMP004710;11
DR JULIO ÁNGEL ESPINOZA;DFSMP004722;11
CLÍNICA SAN FELIPE;DFSMP004746;11
SERVICIOS MÉDICOS INTEGRALES DE ESPECIALIDAD;DFSMP004751;11
CLÍNICA MARÍA INMACULADA DE LA SALUD S.C.;DFSMP004763;11
CLÍNICA HOSPITAL EL ÁNGEL;DFSMP004792;11
CLÍNICA MÉDICA COYOACÁN;DFSMP004804;11
CLÍNICA ORIENTAL;DFSMP004816;11
SANATORIO EL REFUGIO S.A.;DFSMP004833;11
MÉDICA QUIRÚRGICA DEL SUR;DFSMP004845;11
HOSPITAL POLICLÍNICA DEL SUR S.A.;DFSMP004886;11
ST CLÍNICA NUESTRA SEÑORA DE LOS ÁNGELES;DFSMP004891;11
INFRAESTRUCTURA MÉDICA SC;DFSMP004903;11
AARAQUIA S.A DE C.V       ;DFSMP004915;11
ST CLÍNICA MÉDICO QUIRÚRGICA;DFSMP004985;11
CLÍNICA SANTA MARÍA;DFSMP005060;11
FUNDACION DE ASISTENCIA PRIVADA, CONDE DE VALENCIANA, I.A.P.;DFSMP005072;11
UNIDAD  QUIRÚRGICA MONTGOBER SA DE CV;DFSMP005084;11
CLÍNICA MÉDICA ASTRID SA DE CV;DFSMP005096;11
HOSPITALES H S.A. DE C.V.;DFSMP005101;11
CENTRO MATERNO INFANTIL PRIVADO S.A. DE C.V.;DFSMP005113;11
CONSULTORIO MÉDICO CLÍNICO;DFSMP005125;11
MÉDICA SAN LORENZO;DFSMP005130;11
MATERNIDAD TÉLLEZ;DFSMP005142;11
CLÍNICA MÉDICA SAN JOSÉ;DFSMP005166;11
CONSULTORIO MÉDICO DRA. ALEJANDRA VALENCIA LÓPEZ;DFSMP005195;11
PÉREZ GARCÍIA JULIO;DFSMP005200;11
CLÍNICA YAMI;DFSMP005212;11
HOSPITAL NUESTRA SEÑORA DEL CARMEN;DFSMP005224;11
FUNDACIÓN HOSPITAL NUESTRA SEÑORA DE LA LUZ I.A.P.;DFSMP005253;11
HOSPITALITO GUSTAVO GUERRERO A C;DFSMP005270;11
JIMÉNEZ MEZA RANULFO JESÚS;DFSMP005282;11
ROMERO HERNÁNDEZ GUADALUPE;DFSMP005294;11
DE LOS SANTOS;DFSMP005306;11
TORRE MÉDICA DE ESPECIALIDADES SAN JOSÉ;DFSMP005311;11
MEDICINA PERINATAL Y REPRODUCCIÓN HUMANA S.C.;DFSMP005323;11
CENTRO DE ESPECIALIDADES MÉDICA NORTE;DFSMP005335;11
ESPECIALIDADES MÉDICO QUIRÚRGICAS XOCHIMILCO;DFSMP005340;11
UNIDAD MÉDICA DE ATENCIÓN INTEGRAL SA DE CV;DFSMP005352;11
MÉDICA HUMANITAL SA DE CV;DFSMP005364;11
ALMA SETSUKO TAKAHASHI CORRO;DFSMP005376;11
TIP SERVICIOS MÉDICOS INTEGRALES S.A. DE C.V.;DFSMP005381;11
SANATORIO MATERNIDAD JESÚS MÉDICO;DFSMP005410;11
HOSPITAL DE ORTOPEDIA PARA NIÑOS DR. GERMÁN DÍAZ LOMBARDO;DFSMP005463;11
CLÍNICA MÉDICA SANTA FE;DFSMP005504;11
GARCÍA VALDEZ JUAN ANTONIO;DFSMP005516;11
CUIDADO OCULAR, S.A. DE C.V.;DFSMP005632;11
OPERADORA DE HOSPITALES ANGELES S.A DE C.V;DFSMP005854;11
CLÍNICA ZACATENCO S. DE R.L. DE C.V.;DFSMP005871;11
FUNDACIÓN DE OBRAS SOCIALES DE SAN VICENTE IAP;DFSMP005883;11
PROMOTORA DE HOSPITALES Y SERVICIOS INTEGRALES S.A.P.I. DE C.V.;DFSMP005941;11
FUNDACIÓN MEXICANA PARA LA PLANEACIÓN FAMILIAR A. C. (MEXFAM SERVICIOS MÉDICOS);DFSMP005953;11
CLÍNICA QUIRÚRGICA OP. OUTOPATIENT SURGERY S.A. DE C.V.;DFSMP005971;11
CENTRO QUIRÚRGICO RÍO CONSULADO S.A. DE C.V.;DFSMP006004;11
PATRIOTISMO CLINICA DE SALUD S.A DE C.V.;DFSMP006022;11
HOSPITAL SAN ANGEL INN UNIVERSIDAD;DFSMP006031;11
CLÍNICA SERVIMED S.C.;DFSMP006082;11
HOCCE, S.A. DE C.V. (OMNILASER);DFSMP006133;11
FUCAM A.C.;DFSMP006175;11
HOSPITAL BOUTIQUE RIOBAMBA;DFSMP006193;11
CLINICA QUIRURGICA OCEANIA S.A. DE C.V.;DFSMP006202;11
INTERHOSP, S.A. DE C.V. (DALINDE CENTRO MEDICO);DFSMP006211;11
MEDILAP S.A. DE C.V. (MEDICA SAN LUIS);DFSMP006235;11
UNIDADES MÉDICAS DE LA MUJER           ;DFSMP006271;11
CLINICA ALAMO;DFSMP006331;11
HOSPITAL SAME SERVICIO Y ATENCION MEDICA ESPECIALIZADA;DFSMP006355;11
PROVIDENCE MEDICAL CLINIC;DFSMP006391;11
CLINICA PRENSA S.A. DE C.V.;DFSMP006475;11
CLINICA QUIRURGICA MARY;DFSMP006520;11
CLINICA MEDICA PAOLA S.A. DE C.V.;DFSMP007300;11
CLÍNICA HIDALGO;DFSMP011542;11
CLÍNICA DE ESPECIALIDADES CULHUACAN;DFSMP011584;11
CORPORACION QUIRURGICA REC. Y PLASTICA S.A. DE C.V.;DFSMP011746;11
PROMEDICA SAN JUANITA S.A DE C.V;DFSMP011763;11
CLINICA ESPECIALIDADES MEDICAS ALAMOS;DFSMP011775;11
CENTRO MEDICO QUIRURGICO ESCANDON;DFSMP011821;11
CENTRO HOSPITALARIO PATRIOTISMO S.A. DE C.V.;DFSMP011845;11
OPERADORA DE HOSPITALES ANGELES S.A. DE C.V.;DFSMP012096;11
ASOCIACION PARA EVITAR LA CEGUERA EN MEXICO I.A.P.;DFSMP012166;11
CLINICA EDYBE S.C.;DFSMP012294;11
SANATORIO OFTALMOLÓGICO MERIDA  SA DE CV;DFSMP012591;11
GRUPO TORRE MEDICA HOSPITAL DEL VALLE;DFSMP012620;11
HOSPITAL SHRINERS PARA NIÑOS A.C.;DFSMP012661;11
SERVICIOS MEDICOS ESPECIALIZADOS EN UROLOGIA SA DE CV;DFSMP013146;11
CLÍNICA DE DIOS ESPECIALIDADES MÉDICAS MATERNIDAD SA DE CV;DFSMP014732;11
CLÍNICA MEDICA EDYBE S.C;DFSMP014855;11
CLÍNICA SANTA MARÍA       ;DFSMP014896;11
MULTISERVICIOS INTEGRALES DE SALUD Y SERVICIOS ELIGEN ;DFSMP014930;11
MEDICA OMEGA;DFSMP014942;11
CENTRO MÉDICO TIBER S.A. DE C.V.;DFSMP014954;11
CLINICA SAN MARCOS;DFSMP014966;11
CLINICA DEL BOSQUE;DFSMP014971;11
CLINICA SAN CAYETANO;DFSMP015000;11
CLINICA SANTA FE;DFSMP015024;11
CLÍNICA SARI;DFSMP015036;11
CLÍNICA DE ESPECIALIDADES MÉDICAS BEVI S.A. DE C.V.;DFSMP015053;11
CLÍNICA MÉDICA SMART S.A. DE C.V.;DFSMP015094;11
CLÍNICA PROMEDICA SAN JOSÉ;DFSMP015123;11
UNIDAD DE CIRUGÍA AMBULATORIA CON. MEDI.;DFSMP015181;11
CLIN. QUIRG. Y OBST. STA. PATRICIA S.A;DFSMP015263;11
CLÍNICA QUIRÚRGICA BERLÍN S.A. DE C.V.;DFSMP015456;11
SANATORIO PSIQUIATRICO DEL CARMEN S.A DE C.V;DFSMP015514;11
HOSPITAL QUIRÚRGICO NORTE;DFSMP015526;11
GUERRERO CAZARES JOAQUIN ;DFSMP015560;11
CLÍNICA MICHIGAN;DFSMP015572;11
SANATORIO DEL CONSUELO ;DFSMP015584;11
HOSPITAL ECO FEM ;DFSMP015980;11
FERTILITY DAY;DFSMP015992;11
GINESER S.C. ;DFSMP016074;11
CLÍNICA QUIRÚRGICA Y DIAGNOSTICA LOS PINOS S DE RL DE CV  ;DFSMP016400;11
CENTRAL MEDICA SAN PEDRO ;DFSMP016465;11
MED CENTRO MEDICO, S.A DE C.V;DFSMP016791;11
OPERADORA DE HOSPITALES ÁNGELES, S.A DE C.V.     ;DFSMP017626;11
TORRE MEDICA RIOBAMBA      ;DFSMP017643;11
CLINILASER DE ORIENTE  ;DFSMP017684;11
INSTITUTO BALLORD DE CIRUGÍA Y TERAPIA CELULAR SC        ;DFSMP017906;11
CLÍNICA ULTRAMED ;DFSMP018104;11
GRUPO MÉDICO QUIRÚRGICO ARIZ   ;DFSMP018215;11
UNIDAD MÉDICA ESPECIALIZADA DE LA ROSA          ;DFSMP018401;11
HOSPITAL MEDEX ROMA S.A DE C.V     ;DFSMP021510;11
CLÍNICA MEDICA DE JESÚS;DFSMP021925;11
CENTRO MEDICO UROLÓGICO Y NEFROLÓGICO DE LA CDMX S.C;DFSMP022292;11
CLÍNICA FRANKLIN S.C;DFSMP022304;11
CIMA CIRUGÍA MAYOR AMBULATORIA ROMA;DFSMP022485;11
HOSPITAL MAC LA VIGA;DFSMP023033;11
UNIDAD DE MASTOLOGIA DE ALTA ESPECIALIDAD LINDAVISTA S.A DE C.V.;DFSMP023996;11
NOVICS MÉXICO S.A DE C.V;DFSMP024030;11
CENTRO DE TRATAMIENTO MÉDICO ESPECIALIZADO, S.A DE C.V;DFSMP024194;11
CENTRO HOSPITALARIO MAC, S.A. DE C.V.;DFSMP024310;11
GRUPO MEDICO EL CARMEN;DFSMP024322;11
GRUPO MEDICO SANEMOS;DFSMP025121;11
CLÍNICA DE HOMEOPATIA DEL I.P.N.;DFHUN000011;12
CENTRO COMUNITARIO SANTA FÉ;DFHUN000023;12
